Товар,ЦенаСсылка
Толстовка,/p/tolstovka-30510,"1 990,00 ₽
1 699,00 ₽"
Бледно-коричневый муж. Толстовки,/p/bledno-korychnevj-muzh-tolstovky-30601,"1 990,00 ₽
1 299,00 ₽"
Синий муж. Толстовки,/p/synyj-muzh-tolstovky-30620,"1 990,00 ₽
1 699,00 ₽"
Серый муж. Толстовки,/p/serj-muzh-tolstovky-30637,"1 990,00 ₽
1 299,00 ₽"
Толстовка,/p/tolstovka-30853,"1 990,00 ₽
1 699,00 ₽"
Синий муж. Толстовки,/p/synyj-muzh-tolstovky-31065,"1 990,00 ₽
1 699,00 ₽"
Синий муж. Толстовки,/p/synyj-muzh-tolstovky-31283,"2 290,00 ₽
1 299,00 ₽"
Серый муж. Толстовки,/p/serj-muzh-tolstovky-32515,"1 490,00 ₽
895,00 ₽"
Красный муж. Толстовки,/p/krasnj-muzh-tolstovky-32528,"1 490,00 ₽
895,00 ₽"
Синий муж. Толстовки,/p/synyj-muzh-tolstovky-32538,"1 490,00 ₽
595,00 ₽"
Зеленый муж. Толстовки,/p/zelenj-muzh-tolstovky-32548,"1 490,00 ₽
895,00 ₽"
Бордовый муж. Толстовки,/p/bordovj-muzh-tolstovky-32638,"2 290,00 ₽
995,00 ₽"
Серый муж. Толстовки,/p/serj-muzh-tolstovky-32747,"2 690,00 ₽
1 295,00 ₽"
 муж. Толстовки,/p/-muzh-tolstovky-32769,"2 690,00 ₽
1 195,00 ₽"
 муж. Толстовки,/p/-muzh-tolstovky-32770,"2 290,00 ₽
1 195,00 ₽"
Серый муж. Толстовки,/p/serj-muzh-tolstovky-32794,"1 990,00 ₽
1 299,00 ₽"
Черный муж. Толстовки,/p/chernj-muzh-tolstovky-32883,"2 290,00 ₽
995,00 ₽"
Красный муж. Толстовки,/p/krasnj-muzh-tolstovky-32939,"2 690,00 ₽
1 195,00 ₽"
Шафрановый муж. Толстовки,/p/shafranovj-muzh-tolstovky-32970,"2 690,00 ₽
1 195,00 ₽"
Бордовый муж. Толстовки,/p/bordovj-muzh-tolstovky-32982,"1 990,00 ₽
1 299,00 ₽"
Черный муж. Толстовки,/p/chernj-muzh-tolstovky-32997,"1 990,00 ₽
1 299,00 ₽"
Синий муж. Толстовки,/p/synyj-muzh-tolstovky-33011,"1 990,00 ₽
1 299,00 ₽"
Зеленый муж. Толстовки,/p/zelenj-muzh-tolstovky-33042,"1 990,00 ₽
1 299,00 ₽"
Хаки муж. Толстовки,/p/xaky-muzh-tolstovky-33044,"2 690,00 ₽
1 295,00 ₽"
